Ticker,Name
A,Agilent Technologies Inc.
AA,Alcoa Inc.
AAN,"Aaron's, Inc."
AAON,AAON Inc.
AAP,Advance Auto Parts Inc.
AAPL,Apple Inc.
AAWW,Atlas Air Worldwide Holdings Inc.
ABAX,"Abaxis, Inc."
ABC,AmerisourceBergen Corporation
ABCB,Ameris Bancorp
ABCO,The Advisory Board Company
ABFS,Arkansas Best Corporation
ABG,"Asbury Automotive Group, Inc."
ABM,ABM Industries Incorporated
ABMD,"ABIOMED, Inc."
ABT,Abbott Laboratories
ACAD,ACADIA Pharmaceuticals Inc.
ACAT,Arctic Cat Inc.
ACCL,Accelrys Inc.
ACCO,ACCO Brands Corporation
ACE,ACE Limited
ACET,Aceto Corp.
ACFN,"Acorn Energy, Inc."
ACGL,Arch Capital Group Ltd.
ACHC,"Acadia Healthcare Company, Inc."
ACHN,"Achillion Pharmaceuticals, Inc."
ACI,Arch Coal Inc.
ACIW,"ACI Worldwide, Inc."
ACLS,Axcelis Technologies Inc.
ACM,AECOM Technology Corporation
ACN,Accenture plc
ACO,AMCOL International Corporation
ACOR,"Acorda Therapeutics, Inc."
ACRX,"AcelRx Pharmaceuticals, Inc."
ACTG,Acacia Research Corporation
ACW,Accuride Corp.
ACXM,Acxiom Corporation
ADBE,Adobe Systems Inc.
ADES,"Advanced Emissions Solutions, Inc."
ADI,"Analog Devices, Inc."
ADM,Archer Daniels Midland Company
ADNC,"Audience, Inc."
ADP,"Automatic Data Processing, Inc."
ADS,Alliance Data Systems Corporation
ADSK,"Autodesk, Inc."
ADT,The ADT Corporation
ADTN,ADTRAN Inc.
ADUS,Addus HomeCare Corporation
ADVS,"Advent Software, Inc."
AE,Adams Resources & Energy Inc.
AEE,Ameren Corporation
AEGN,Aegion Corporation
AEGR,"Aegerion Pharmaceuticals, Inc."
AEIS,"Advanced Energy Industries, Inc."
AEL,American Equity Investment Life Holding Co.
AEO,"American Eagle Outfitters, Inc."
AEP,"American Electric Power Co., Inc."
AEPI,AEP Industries Inc.
AES,The AES Corporation
AET,Aetna Inc.
AF,Astoria Financial Corporation
AFAM,Almost Family Inc.
AFFX,Affymetrix Inc.
AFG,American Financial Group Inc.
AFL,AFLAC Inc.
AFOP,Alliance Fiber Optic Products Inc.
AFSI,"AmTrust Financial Services, Inc."
AGCO,AGCO Corporation
AGII,"Argo Group International Holdings, Ltd."
AGM,Federal Agricultural Mortgage Corp.
AGN,Allergan Inc.
AGO,Assured Guaranty Ltd.
AGX,"Argan, Inc."
AGYS,Agilysys Inc.
AHC,A. H. Belo Corporation
AHL,Aspen Insurance Holdings Ltd.
AHS,AMN Healthcare Services Inc.
AI,Arlington Asset Investment Corp.
AIG,"American International Group, Inc."
AIMC,Altra Industrial Motion Corp.
AIQ,"Alliance Healthcare Services, Inc."
AIR,AAR Corp.
AIRM,Air Methods Corp.
AIT,"Applied Industrial Technologies, Inc."
AIV,Apartment Investment and Management Company
AIZ,Assurant Inc.
AJG,Arthur J Gallagher & Co.
AKAM,"Akamai Technologies, Inc."
AKRX,"Akorn, Inc."
AKS,AK Steel Holding Corporation
ALB,Albemarle Corporation
ALCO,Alico Inc.
ALE,"ALLETE, Inc."
ALEX,"Alexander & Baldwin, Inc."
ALG,"Alamo Group, Inc."
ALGN,Align Technology Inc.
ALGT,Allegiant Travel Company
ALIM,"Alimera Sciences, Inc."
ALJ,"Alon USA Energy, Inc."
ALK,"Alaska Air Group, Inc."
ALKS,Alkermes plc
ALL,The Allstate Corporation
ALNY,"Alnylam Pharmaceuticals, Inc."
ALOG,Analogic Corporation
ALR,Alere Inc.
ALSN,"Allison Transmission Holdings, Inc."
ALTR,Altera Corp.
ALXN,"Alexion Pharmaceuticals, Inc."
AMAG,"AMAG Pharmaceuticals, Inc."
AMAT,"Applied Materials, Inc."
AMBA,"Ambarella, Inc."
AMCC,Applied Micro Circuits Corporation
AMCX,AMC Networks Inc.
AMD,"Advanced Micro Devices, Inc."
AME,Ametek Inc.
AMED,Amedisys Inc.
AMG,Affiliated Managers Group Inc.
AMGN,Amgen Inc.
AMKR,"Amkor Technology, Inc."
AMNB,American National Bankshares Inc.
AMP,"Ameriprise Financial, Inc."
AMPE,"Ampio Pharmaceuticals, Inc."
AMRC,"Ameresco, Inc."
AMRI,Albany Molecular Research Inc.
AMRS,"Amyris, Inc."
AMSC,American Superconductor Corporation
AMSF,"Amerisafe, Inc."
AMSG,AmSurg Corp.
AMSWA,"American Software, Inc."
AMT,American Tower Corporation
AMTD,TD Ameritrade Holding Corporation
AMWD,American Woodmark Corp.
AMZN,Amazon.com Inc.
AN,AutoNation Inc.
ANAC,"Anacor Pharmaceuticals, Inc."
ANAD,"Anadigics, Inc."
ANAT,American National Insurance Co.
ANCX,Access National Corporation
ANDE,"The Andersons, Inc."
ANF,Abercrombie & Fitch Co.
ANGI,"Angie's List, Inc."
ANGO,AngioDynamics Inc.
ANIK,Anika Therapeutics Inc.
ANN,ANN INC.
ANR,"Alpha Natural Resources, Inc."
ANSS,"Ansys, Inc."
ANV,Allied Nevada Gold Corp.
AOI,"Alliance One International, Inc."
AOL,AOL Inc.
AOS,AO Smith Corp.
AOSL,"Alpha & Omega Semiconductor, Ltd."
AP,Ampco-Pittsburgh Corp.
APA,Apache Corp.
APAGF,Apco Oil & Gas International Inc.
APAM,Artisan Partners Asset Management Inc.
APC,Anadarko Petroleum Corporation
APD,Air Products & Chemicals Inc.
APEI,"American Public Education, Inc."
APH,Amphenol Corporation
APOG,"Apogee Enterprises, Inc."
APOL,"Apollo Education Group, Inc."
APP,"American Apparel, Inc."
ARAY,Accuray Incorporated
AREX,"Approach Resources, Inc."
ARG,"Airgas, Inc."
ARIA,Ariad Pharmaceuticals Inc.
ARII,"American Railcar Industries, Inc."
ARNA,"Arena Pharmaceuticals, Inc."
ARO,A
AROW,Arrow Financial Corporation
ARQL,ArQule Inc.
ARRS,"ARRIS Group, Inc."
ARRY,"Array BioPharma, Inc."
ARSD,Arabian American Development Company
ARTC,ArthroCare Corporation
ARTNA,Artesian Resources Corp.
ARUN,"Aruba Networks, Inc."
ARW,"Arrow Electronics, Inc."
ARX,Aeroflex Holding Corp.
ASBC,Associated Banc-Corp
ASCMA,"Ascent Capital Group, Inc."
ASEI,American Science & Engineering Inc.
ASH,Ashland Inc.
ASNA,Ascena Retail Group Inc.
ASTE,"Astec Industries, Inc."
ATEC,"Alphatec Holdings, Inc."
ATHN,"athenahealth, Inc."
ATI,Allegheny Technologies Inc.
ATK,Alliant Techsystems Inc.
ATLO,Ames National Corporation
ATMI,ATMI Inc.
ATML,Atmel Corporation
ATNI,"Atlantic Tele-Network, Inc."
ATNY,API Technologies Corp.
ATO,Atmos Energy Corporation
ATR,"AptarGroup, Inc."
ATRC,"AtriCure, Inc."
ATRI,ATRION Corp.
ATRO,Astronics Corporation
ATRS,Antares Pharma Inc.
ATU,Actuant Corporation
ATVI,"Activision Blizzard, Inc."
ATW,"Atwood Oceanics, Inc."
AUXL,Auxilium Pharmaceuticals Inc.
AVA,Avista Corp.
AVAV,"AeroVironment, Inc."
AVB,Avalonbay Communities Inc.
AVEO,"AVEO Pharmaceuticals, Inc."
AVGO,Avago Technologies Limited
AVHI,"AV Homes, Inc."
AVID,"Avid Technology, Inc."
AVNR,"Avanir Pharmaceuticals, Inc."
AVNW,"Aviat Networks, Inc."
AVP,Avon Products Inc.
AVT,"Avnet, Inc."
AVX,AVX Corp.
AVY,Avery Dennison Corporation
AWAY,"HomeAway, Inc."
AWH,"Allied World Assurance Company Holdings, AG"
AWI,"Armstrong World Industries, Inc."
AWK,"American Water Works Company, Inc."
AXAS,Abraxas Petroleum Corp.
AXDX,"Accelerate Diagnostics, Inc."
AXE,Anixter International Inc.
AXL,American Axle & Manufacturing Holdings Inc.
AXLL,Axiall Corporation
AXP,American Express Company
AXS,AXIS Capital Holdings Limited
AYI,"Acuity Brands, Inc."
AZO,"AutoZone, Inc."
AZPN,"Aspen Technology, Inc."
AZZ,AZZ incorporated
B,Barnes Group Inc.
BA,The Boeing Company
BABY,Natus Medical Inc.
BAC,Bank of America Corporation
BAGL,"Einstein Noah Restaurant Group, Inc."
BAGR,"Diversified Restaurant Holdings, Inc."
BAH,Booz Allen Hamilton Holding Corporation
BANC,"Banc of California, Inc."
BANF,BancFirst Corporation
BANR,Banner Corporation
BAS,"Basic Energy Services, Inc."
BAX,Baxter International Inc.
BBBY,Bed Bath & Beyond Inc.
BBG,Bill Barrett Corp.
BBGI,Beasley Broadcast Group Inc.
BBNK,Bridge Capital Holdings
BBOX,Black Box Corporation
BBRG,"Bravo Brio Restaurant Group, Inc."
BBSI,Barrett Business Services Inc.
BBX,BBX Capital Corporation
BC,Brunswick Corporation
BCC,Boise Cascade Company
BCEI,"Bonanza Creek Energy, Inc."
BCO,The Brink's Company
BCOR,"Blucora, Inc."
BCOV,"Brightcove, Inc."
BCPC,Balchem Corp.
BCR,CR Bard Inc.
BDE,"Black Diamond, Inc."
BDGE,"Bridge Bancorp, Inc."
BDSI,"BioDelivery Sciences International, Inc."
BDX,"Becton, Dickinson and Company"
BEAV,B/E Aerospace Inc.
BEBE,"Bebe Stores, Inc."
BECN,"Beacon Roofing Supply, Inc."
BELFB,Bel Fuse Inc.
BEN,Franklin Resources Inc.
BERY,"Berry Plastics Group, Inc."
BFAM,"Bright Horizons Family Solutions, Inc."
BFIN,BankFinancial Corp.
BG,Bunge Limited
BGC,General Cable Corp.
BGCP,"BGC Partners, Inc."
BGFV,Big 5 Sporting Goods Corp.
BGG,Briggs & Stratton Corporation
BGS,
BH,Biglari Holdings Inc.
BHB,Bar Harbor Bankshares
BHE,Benchmark Electronics Inc.
BHI,Baker Hughes Incorporated
BIG,Big Lots Inc.
BIIB,Biogen Idec Inc.
BIOL,"BIOLASE, Inc."
BIRT,Actuate Corporation
BJRI,"BJ's Restaurants, Inc."
BKD,Brookdale Senior Living Inc.
BKE,"The Buckle, Inc."
BKH,Black Hills Corporation
BKMU,Bank Mutual Corporation
BKS,"Barnes & Noble, Inc."
BKU,"BankUnited, Inc."
BKW,"Burger King Worldwide, Inc."
BKYF,Bank of Kentucky Financial Corp.
BLDR,"Builders FirstSource, Inc."
BLK,"BlackRock, Inc."
BLKB,Blackbaud Inc.
BLL,Ball Corporation
BLMN,"Bloomin' Brands, Inc."
BLOX,Infoblox Inc.
BMI,Badger Meter Inc.
BMS,"Bemis Company, Inc."
BMTC,Bryn Mawr Bank Corp.
BMY,Bristol-Myers Squibb Company
BNCL,Beneficial Mutual Bancorp Inc.
BNCN,BNC Bancorp
BOBE,"Bob Evans Farms, Inc."
BODY,Body Central Corp.
BOFI,"BofI Holding, Inc."
BOH,Bank of Hawaii Corporation
BOKF,BOK Financial Corporation
BOLT,Bolt Technology Corp.
BONT,Bon-Ton Stores Inc.
BOOM,Dynamic Materials Corp.
BPFH,"Boston Private Financial Holdings, Inc."
BPI,"Bridgepoint Education, Inc."
BPOP,"Popular, Inc."
BPZ,"BPZ Resources, Inc."
BR,"Broadridge Financial Solutions, Inc."
BRC,Brady Corp.
BRCD,"Brocade Communications Systems, Inc."
BRCM,Broadcom Corp.
BREW,"Craft Brew Alliance, Inc."
BRKL,"Brookline Bancorp, Inc."
BRKR,Bruker Corporation
BRKS,"Brooks Automation, Inc."
BRLI,Bio-Reference Laboratories Inc.
BRO,Brown & Brown Inc.
BRS,"Bristow Group, Inc."
BRSS,"Global Brass and Copper Holdings, Inc."
BSET,"Bassett Furniture Industries, Incorporated"
BSRR,Sierra Bancorp
BSX,Boston Scientific Corporation
BTH,"Blyth, Inc."
BTU,Peabody Energy Corp.
BTX,"BioTime, Inc."
BUSE,First Busey Corporation
BV,"Bazaarvoice, Inc."
BWA,BorgWarner Inc.
BWC,The Babcock & Wilcox Company
BWLD,Buffalo Wild Wings Inc.
BWS,Brown Shoe Co. Inc.
BXC,Bluelinx Holdings Inc.
BXP,Boston Properties Inc.
BXS,"BancorpSouth, Inc."
BYD,Boyd Gaming Corporation
BYI,"Bally Technologies, Inc."
BZH,Beazer Homes USA Inc.
C,Citigroup Inc.
CA,CA Technologies
CAB,Cabela's Incorporated
CAC,Camden National Corp.
CACB,Cascade Bancorp
CACC,Credit Acceptance Corp.
CACI,CACI International Inc.
CAG,"ConAgra Foods, Inc."
CAH,"Cardinal Health, Inc."
CAKE,The Cheesecake Factory Incorporated
CALD,Callidus Software Inc.
CALL,magicJack VocalTec Ltd.
CALM,"Cal-Maine Foods, Inc."
CALX,Calix Inc.
CAM,Cameron International Corporation
CAMP,CalAmp Corp.
CAP,CAI International Inc.
CAR,"Avis Budget Group, Inc."
CARB,"Carbonite, Inc."
CAS,A. M. Castle & Co.
CASH,"Meta Financial Group, Inc."
CASS,"Cass Information Systems, Inc."
CASY,"Casey's General Stores, Inc."
CAT,Caterpillar Inc.
CATM,Cardtronics Inc.
CATO,The Cato Corporation
CATY,Cathay General Bancorp
CAVM,"Cavium, Inc."
CB,The Chubb Corporation
CBB,Cincinnati Bell Inc.
CBEY,"Cbeyond, Inc."
CBF,Capital Bank Financial Corp.
CBG,"CBRE Group, Inc."
CBI,Chicago Bridge & Iron Company N.V.
CBK,Christopher & Banks Corporation
CBM,Cambrex Corporation.
CBOE,"CBOE Holdings, Inc."
CBR,"Ciber, Inc."
CBRL,"Cracker Barrel Old Country Store, Inc."
CBS,CBS Corporation
CBSH,"Commerce Bancshares, Inc."
CBST,Cubist Pharmaceuticals Inc.
CBT,Cabot Corporation
CBU,Community Bank System Inc.
CBZ,"CBIZ, Inc."
CCBG,Capital City Bank Group Inc.
CCC,Calgon Carbon Corporation
CCE,Coca-Cola Enterprises Inc.
CCF,Chase Corporation
CCI,Crown Castle International Corp.
CCK,Crown Holdings Inc.
CCL,Carnival Corporation
CCMP,Cabot Microelectronics Corporation
CCNE,CNB Financial Corp.
CCO,Clear Channel Outdoor Holdings Inc.
CCOI,"Cogent Communications Group, Inc."
CCRN,"Cross Country Healthcare, Inc."
CDE,"Coeur Mining, Inc."
CDI,CDI Corp.
CDNS,Cadence Design Systems Inc.
CEB,Corporate Executive Board Co.
CECE,CECO Environmental Corp.
CECO,Career Education Corp.
CELG,Celgene Corporation
CEMP,"Cempra, Inc."
CENTA,Central Garden & Pet Company
CENX,Century Aluminum Co.
CERN,Cerner Corporation
CERS,Cerus Corporation
CETV,Central European Media Enterprises Ltd.
CEVA,CEVA Inc.
CF,"CF Industries Holdings, Inc."
CFFI,
CFFN,"Capitol Federal Financial, Inc."
CFI,"Culp, Inc."
CFN,CareFusion Corporation
CFNB,California First National Bancorp
CFNL,Cardinal Financial Corp.
CFR,"Cullen/Frost Bankers, Inc."
CFX,Colfax Corporation
CGI,Celadon Group Inc.
CGNX,Cognex Corporation
CHCO,City Holding Co.
CHD,Church & Dwight Co. Inc.
CHDX,Chindex International Inc.
CHE,Chemed Corp.
CHEF,"The Chefs' Warehouse, Inc."
CHFC,Chemical Financial Corporation
CHFN,Charter Financial Corporation
CHH,Choice Hotels International Inc.
CHK,Chesapeake Energy Corporation
CHMG,Chemung Financial Corporation
CHMT,Chemtura Corporation
CHRW,CH Robinson Worldwide Inc.
CHS,Chico's FAS Inc.
CHTP,Chelsea Therapeutics International Ltd.
CHUY,"Chuy's Holdings, Inc."
CI,Cigna Corp.
CIEN,Ciena Corporation
CIFC,CIFC Corp.
CINF,Cincinnati Financial Corp.
CIR,"CIRCOR International, Inc."
CIT,CIT Group Inc.
CIX,CompX International Inc.
CKP,Checkpoint Systems Inc.
CL,Colgate-Palmolive Co.
CLC,CLARCOR Inc.
CLD,Cloud Peak Energy Inc.
CLDX,"Celldex Therapeutics, Inc."
CLF,Cliffs Natural Resources Inc.
CLMS,Calamos Asset Management Inc.
CLNE,Clean Energy Fuels Corp.
CLR,"Continental Resources, Inc."
CLUB,Town Sports International Holdings Inc.
CLVS,"Clovis Oncology, Inc."
CLW,Clearwater Paper Corporation
CLX,The Clorox Company
CMA,Comerica Incorporated
CMC,Commercial Metals Company
CMCO,Columbus McKinnon Corporation
CMCSA,Comcast Corporation
CME,CME Group Inc.
CMG,"Chipotle Mexican Grill, Inc."
CMI,Cummins Inc.
CMLS,Cumulus Media Inc.
CMN,Cantel Medical Corp.
CMP,Compass Minerals International Inc.
CMRX,"Chimerix, Inc."
CMTL,Comtech Telecommunications Corp.
CNA,CNA Financial Corporation
CNBC,"Center Bancorp, Inc."
CNBKA,Century Bancorp Inc.
CNC,Centene Corp.
CNDO,"Coronado Biosciences, Inc."
CNK,Cinemark Holdings Inc.
CNL,Cleco Corporation
CNMD,CONMED Corporation
CNO,"CNO Financial Group, Inc."
CNOB,"ConnectOne Bancorp, Inc."
CNQR,"Concur Technologies, Inc."
CNS,Cohen & Steers Inc.
CNSI,"Comverse, Inc."
CNSL,Consolidated Communications Holdings Inc.
CNW,Con-way Inc.
CNX,CONSOL Energy Inc.
COBZ,CoBiz Financial Inc.
COCO,Corinthian Colleges Inc.
COF,Capital One Financial Corporation
COG,Cabot Oil & Gas Corporation
COH,"Coach, Inc."
COHR,Coherent Inc.
COHU,"Cohu, Inc."
COKE,Coca-Cola Bottling Co. Consolidated
COL,Rockwell Collins Inc.
COLB,Columbia Banking System Inc.
COLM,Columbia Sportswear Company
CONN,Conns Inc.
COO,The Cooper Companies Inc.
COP,ConocoPhillips
CORT,Corcept Therapeutics Incorporated
COST,Costco Wholesale Corporation
COV,Covidien plc
COWN,"Cowen Group, Inc."
CPB,Campbell Soup Company
CPE,Callon Petroleum Company
CPF,Central Pacific Financial Corp.
CPHD,Cepheid
CPLA,Capella Education Co.
CPN,Calpine Corp.
CPRT,"Copart, Inc."
CPSI,Computer Programs & Systems Inc.
CPST,Capstone Turbine Corp.
CPWR,Compuware Corporation
CRAI,CRA International Inc.
CRAY,Cray Inc.
CREE,"Cree, Inc."
CRIS,"Curis, Inc."
CRK,Comstock Resources Inc.
CRL,"Charles River Laboratories International, Inc."
CRMT,America's Car-Mart Inc.
CROX,"Crocs, Inc."
CRR,CARBO Ceramics Inc.
CRRC,Courier Corporation
CRS,Carpenter Technology Corp.
CRUS,Cirrus Logic Inc.
CRVL,CorVel Corporation
CRY,CryoLife Inc.
CSBK,Clifton Bancorp Inc.
CSC,Computer Sciences Corporation
CSCO,"Cisco Systems, Inc."
CSFL,"CenterState Banks, Inc."
CSGP,CoStar Group Inc.
CSGS,CSG Systems International Inc.
CSH,"Cash America International, Inc."
CSII,Cardiovascular Systems Inc.
CSL,Carlisle Companies Incorporated
CSOD,"Cornerstone OnDemand, Inc."
CSS,CSS Industries Inc.
CST,"CST Brands, Inc."
CSV,Carriage Services Inc.
CSWC,Capital Southwest Corporation
CSX,CSX Corp.
CTAS,Cintas Corporation
CTB,Cooper Tire & Rubber Co.
CTBI,Community Trust Bancorp Inc.
CTCT,"Constant Contact, Inc."
CTL,"CenturyLink, Inc."
CTO,Consolidated Tomoka Land Co.
CTRN,"Citi Trends, Inc."
CTS,CTS Corporation
CTSH,Cognizant Technology Solutions Corporation
CTWS,Connecticut Water Service Inc.
CTXS,"Citrix Systems, Inc."
CUB,Cubic Corporation
CUBI,"Customers Bancorp, Inc."
CUNB,CU Bancorp
CUTR,"Cutera, Inc."
CVA,Covanta Holding Corporation
CVBF,CVB Financial Corp.
CVC,Cablevision Systems Corporation
CVCO,"Cavco Industries, Inc."
CVD,Covance Inc.
CVG,Convergys Corporation
CVGI,Commercial Vehicle Group Inc.
CVGW,Calavo Growers Inc.
CVI,"CVR Energy, Inc."
CVLT,"CommVault Systems, Inc."
CVO,Cenveo Inc.
CVS,CVS Caremark Corporation
CVX,Chevron Corporation
CW,Curtiss-Wright Corporation
CWCO,Consolidated Water Co. Ltd.
CWEI,"Clayton Williams Energy, Inc."
CWST,Casella Waste Systems Inc.
CWT,California Water Service Group
CXO,"Concho Resources, Inc."
CY,Cypress Semiconductor Corporation
CYBX,Cyberonics Inc.
CYH,"Community Health Systems, Inc."
CYN,City National Corporation
CYNI,"Cyan, Inc."
CYNO,"Cynosure, Inc."
CYT,Cytec Industries Inc.
CYTK,"Cytokinetics, Incorporated"
CYTX,"Cytori Therapeutics, Inc."
CZNC,Citizens & Northern Corp.
CZR,Caesars Entertainment Corporation
D,"Dominion Resources, Inc."
DAKT,Daktronics Inc.
DAL,Delta Air Lines Inc.
DAN,Dana Holding Corporation
DAR,Darling International Inc.
DATA,"Tableau Software, Inc."
DBD,"Diebold, Incorporated"
DCI,"Donaldson Company, Inc."
DCO,Ducommun Inc.
DCOM,Dime Community Bancshares Inc.
DD,E. I. du Pont de Nemours and Company
DDD,3D Systems Corp.
DDS,Dillard's Inc.
DE,Deere & Company
DECK,Deckers Outdoor Corp.
DEL,Deltic Timber Corporation
DENN,Denny's Corporation
DEPO,DepoMed Inc.
DEST,Destination Maternity Corporation
DF,Dean Foods Company
DFS,Discover Financial Services
DFZ,R.G. Barry Corporation
DG,Dollar General Corporation
DGAS,"Delta Natural Gas Company, Inc."
DGI,"DigitalGlobe, Inc."
DGICA,Donegal Group Inc.
DGII,Digi International Inc.
DGX,Quest Diagnostics Inc.
DHI,DR Horton Inc.
DHIL,Diamond Hill Investment Group Inc.
DHR,Danaher Corp.
DHX,"Dice Holdings, Inc."
DIN,"DineEquity, Inc."
DIOD,Diodes Incorporated
DIS,The Walt Disney Company
DISCA,"Discovery Communications, Inc."
DISH,Dish Network Corp.
DJCO,Daily Journal Corp.
DK,"Delek US Holdings, Inc."
DKS,Dick's Sporting Goods Inc.
DLB,"Dolby Laboratories, Inc."
DLLR,DFC Global Corp.
DLPH,Delphi Automotive PLC
DLTR,"Dollar Tree, Inc."
DLX,Deluxe Corp.
DMD,"Demand Media, Inc."
DMND,"Diamond Foods, Inc."
DMRC,Digimarc Corporation
DNB,Dun & Bradstreet Corp.
DNDN,Dendreon Corp.
DNKN,"Dunkin' Brands Group, Inc."
DNR,Denbury Resources Inc.
DO,"Diamond Offshore Drilling, Inc."
DORM,"Dorman Products, Inc."
DOV,Dover Corporation
DOW,The Dow Chemical Company
DPS,"Dr Pepper Snapple Group, Inc."
DPZ,"Domino's Pizza, Inc."
DRC,Dresser-Rand Group Inc.
DRI,"Darden Restaurants, Inc."
DRIV,Digital River Inc.
DRL,Doral Financial Corporation
DRQ,"Dril-Quip, Inc."
DRTX,"Durata Therapeutics, Inc."
DSCI,Derma Sciences Inc.
DSPG,DSP Group Inc.
DSW,DSW Inc.
DTE,DTE Energy Company
DTLK,Datalink Corporation
DTSI,DTS Inc.
DTV,DIRECTV
DUK,Duke Energy Corporation
DV,DeVry Education Group Inc.
DVA,DaVita HealthCare Partners Inc.
DVAX,Dynavax Technologies Corporation
DVN,Devon Energy Corporation
DVR,Cal Dive International Inc
DW,Drew Industries Incorporated
DWA,DreamWorks Animation SKG Inc.
DWRE,"Demandware, Inc."
DWSN,Dawson Geophysical Company
DXCM,"DexCom, Inc."
DXLG,"Destination XL Group, Inc."
DXM,"Dex Media, Inc."
DXPE,"DXP Enterprises, Inc."
DY,Dycom Industries Inc.
DYAX,Dyax Corp.
EA,Electronic Arts Inc.
EAC,Erickson Incorporated
EAT,"Brinker International, Inc."
EBAY,eBay Inc.
EBF,Ennis Inc.
EBIX,Ebix Inc.
EBS,"Emergent BioSolutions, Inc."
EBSB,"Meridian Interstate Bancorp, Inc."
EBTC,Enterprise Bancorp Inc.
ECHO,"Echo Global Logistics, Inc."
ECL,Ecolab Inc.
ECOL,"US Ecology, Inc."
ECOM,ChannelAdvisor Corporation
ECYT,"Endocyte, Inc."
ED,"Consolidated Edison, Inc."
EDE,The Empire District Electric Company
EDMC,Education Management Corporation
EEFT,Euronet Worldwide Inc.
EFII,"Electronics for Imaging, Inc."
EFSC,Enterprise Financial Services Corp.
EFX,Equifax Inc.
EGAN,eGain Corporation
EGHT,8x8 Inc.
EGL,"Engility Holdings, Inc."
EGN,Energen Corp.
EGOV,NIC Inc.
EGY,Vaalco Energy Inc.
EHTH,"eHealth, Inc."
EIG,"Employers Holdings, Inc."
ELGX,Endologix Inc.
ELLI,"Ellie Mae, Inc."
ELNK,EarthLink Holdings Corp.
ELRC,Electro Rent Corporation
ELX,Emulex Corporation
ELY,Callaway Golf Co.
EMCI,EMC Insurance Group Inc.
EME,EMCOR Group Inc.
END,Endeavour International Corporation
ENDP,Endo International plc
ENH,Endurance Specialty Holdings Ltd.
ENPH,"Enphase Energy, Inc."
ENR,Energizer Holdings Inc.
ENS,EnerSys
ENSG,"The Ensign Group, Inc."
ENTA,"Enanta Pharmaceuticals, Inc."
ENTG,"Entegris, Inc."
ENTR,"Entropic Communications, Inc."
ENV,"Envestnet, Inc."
ENZN,Enzon Pharmaceuticals Inc.
EOPN,"E2open, Inc."
EPAM,"EPAM Systems, Inc."
EPAY,Bottomline Technologies
EPIQ,"Epiq Systems, Inc."
EPL,"EPL Oil & Gas, Inc."
EPM,Evolution Petroleum Corp.
EPZM,"Epizyme, Inc."
EQIX,"Equinix, Inc."
EQU,Equal Energy Ltd.
ERA,Era Group Inc.
ERIE,Erie Indemnity Company
ERII,"Energy Recovery, Inc."
ESBF,ESB Financial Corp.
ESC,Emeritus Corp.
ESE,ESCO Technologies Inc.
ESGR,Enstar Group Limited
ESIO,Electro Scientific Industries Inc.
ESL,Esterline Technologies Corp.
ESSA,"ESSA Bancorp, Inc."
ETH,Ethan Allen Interiors Inc.
ETM,Entercom Communications Corp.
EV,Eaton Vance Corp.
EVC,Entravision Communications Corporation
EVR,Evercore Partners Inc.
EVTC,"EVERTEC, Inc."
EWBC,"East West Bancorp, Inc."
EXAC,Exactech Inc.
EXAM,"ExamWorks Group, Inc."
EXAR,Exar Corp.
EXAS,Exact Sciences Corporation
EXEL,"Exelixis, Inc."
EXH,"Exterran Holdings, Inc."
EXLS,"Exlservice Holdings, Inc."
EXP,Eagle Materials Inc.
EXPO,Exponent Inc.
EXPR,Express Inc.
EXTR,Extreme Networks Inc.
EXXI,Energy XXI
EZPW,"EZCORP, Inc."
F,Ford Motor Co.
FAF,First American Financial Corporation
FANG,"Diamondback Energy, Inc."
FARM,Farmer Brothers Co.
FARO,FARO Technologies Inc.
FAST,Fastenal Company
FB,"Facebook, Inc."
FBC,Flagstar Bancorp Inc.
FBHS,"Fortune Brands Home & Security, Inc."
FBNC,First Bancorp
FBNK,"First Connecticut Bancorp, Inc."
FBP,First Bancorp
FBRC,FBR & Co.
FC,Franklin Covey Co.
FCBC,"First Community Bancshares, Inc."
FCEL,FuelCell Energy Inc.
FCF,First Commonwealth Financial Corp.
FCFS,First Cash Financial Services Inc.
FCN,"FTI Consulting, Inc."
FCNCA,First Citizens Bancshares Inc.
FCS,Fairchild Semiconductor International Inc.
FCX,Freeport-McMoRan Copper & Gold Inc.
FDEF,First Defiance Financial Corp.
FDML,Federal-Mogul Holdings Corporation
FDO,Family Dollar Stores Inc.
FDP,Fresh Del Monte Produce Inc.
FDS,FactSet Research Systems Inc.
FDX,FedEx Corporation
FE,FirstEnergy Corp.
FEIC,FEI Company
FELE,"Franklin Electric Co., Inc."
FET,"Forum Energy Technologies, Inc."
FF,FutureFuel Corp.
FFBC,First Financial Bancorp.
FFBH,First Federal Bancshares of Arkansas Inc.
FFG,FBL Financial Group Inc.
FFIC,Flushing Financial Corp.
FFIN,First Financial Bankshares Inc.
FFIV,"F5 Networks, Inc."
FFKT,Farmers Capital Bank Corporation
FFNW,"First Financial Northwest, Inc."
FHCO,The Female Health Company
FHN,First Horizon National Corporation
FIBK,First Interstate Bancsystem Inc.
FICO,Fair Isaac Corporation
FII,"Federated Investors, Inc."
FINL,Finish Line Inc.
FIO,"Fusion-io, Inc."
FIS,"Fidelity National Information Services, Inc."
FISI,Financial Institutions Inc.
FISV,"Fiserv, Inc."
FITB,Fifth Third Bancorp
FIVE,"Five Below, Inc."
FIX,Comfort Systems USA Inc.
FIZZ,National Beverage Corp.
FL,"Foot Locker, Inc."
FLDM,Fluidigm Corporation
FLIC,The First of Long Island Corporation
FLIR,"FLIR Systems, Inc."
FLO,"Flowers Foods, Inc."
FLR,Fluor Corporation
FLS,Flowserve Corp.
FLT,"FleetCor Technologies, Inc."
FLTX,Fleetmatics Group PLC
FLWS,1-800-Flowers.com Inc.
FLXS,Flexsteel Industries Inc.
FMBI,First Midwest Bancorp Inc.
FMC,FMC Corp.
FMD,The First Marblehead Corporation
FMER,FirstMerit Corporation
FN,Fabrinet
FNB,F.N.B. Corporation
FNF,"Fidelity National Financial, Inc."
FNFG,First Niagara Financial Group Inc.
FNGN,"Financial Engines, Inc."
FNLC,"The First Bancorp, Inc."
FNSR,Finisar Corp.
FOE,Ferro Corporation
FOLD,"Amicus Therapeutics, Inc."
FOR,Forestar Group Inc.
FORM,FormFactor Inc.
FORR,Forrester Research Inc.
FOSL,"Fossil Group, Inc."
FOXA,"Twenty-First Century Fox, Inc."
FRAN,Francesca's Holdings Corporation
FRED,"Fred's, Inc."
FRF,Fortegra Financial Corporation
FRGI,"Fiesta Restaurant Group, Inc."
FRM,Furmanite Corporation
FRME,First Merchants Corporation
FRNK,Franklin Financial Corporation
FRP,"Fairpoint Communications, Inc."
FRX,Forest Laboratories Inc.
FSGI,"First Security Group, Inc."
FSL,"Freescale Semiconductor, Ltd."
FSLR,"First Solar, Inc."
FST,Forest Oil Corporation
FSTR,LB Foster Co.
FSYS,"Fuel Systems Solutions, Inc."
FTI,"FMC Technologies, Inc."
FTK,Flotek Industries Inc.
FTNT,Fortinet Inc.
FTR,Frontier Communications Corporation
FUBC,"1st United Bancorp, Inc."
FUL,HB Fuller Co.
FULT,Fulton Financial Corporation
FURX,"Furiex Pharmaceuticals, Inc."
FVE,Five Star Quality Care Inc.
FWRD,Forward Air Corp.
FXCM,FXCM Inc.
FXEN,FX Energy Inc.
G,Genpact Limited
GABC,German American Bancorp Inc.
GALE,"Galena Biopharma, Inc."
GAS,AGL Resources Inc.
GB,"Greatbatch, Inc."
GBCI,"Glacier Bancorp, Inc."
GBL,"GAMCO Investors, Inc."
GBLI,Global Indemnity plc
GBNK,Guaranty Bancorp
GBX,"The Greenbrier Companies, Inc."
GCA,"Global Cash Access Holdings, Inc."
GCAP,"GAIN Capital Holdings, Inc."
GCI,"Gannett Co., Inc."
GCO,Genesco Inc.
GD,General Dynamics Corp.
GDOT,Green Dot Corporation
GE,General Electric Company
GEF,"Greif, Inc."
GEOS,Geospace Technologies Corporation
GERN,Geron Corporation
GES,Guess' Inc.
GFF,Griffon Corporation
GFIG,GFI Group Inc.
GGG,Graco Inc.
GHDX,Genomic Health Inc.
GHM,Graham Corporation
GIFI,Gulf Island Fabrication Inc.
GIII,"G-III Apparel Group, Ltd."
GILD,Gilead Sciences Inc.
GIS,"General Mills, Inc."
GK,
GLF,"Gulfmark Offshore, Inc."
GLPW,Global Power Equipment Group Inc.
GLRE,"Greenlight Capital Re, Ltd."
GLT,PH Glatfelter Co.
GLUU,"Glu Mobile, Inc."
GLW,Corning Inc.
GM,General Motors Company
GMAN,"Gordmans Stores, Inc."
GME,GameStop Corp.
GMED,"Globus Medical, Inc."
GMO,"General Moly, Inc."
GMT,GATX Corp.
GNC,GNC Holdings Inc.
GNCMA,General Communication Inc.
GNE,Genie Energy Ltd.
GNRC,Generac Holdings Inc.
GNTX,Gentex Corp.
GNW,Genworth Financial Inc.
GOOG,Google Inc.
GORO,Gold Resource Corp
GPC,Genuine Parts Company
GPI,Group 1 Automotive Inc.
GPN,Global Payments Inc.
GPOR,Gulfport Energy Corp.
GPRE,"Green Plains Renewable Energy, Inc."
GPX,GP Strategies Corp.
GRA,W.R. Grace & Co.
GRC,Gorman-Rupp Co.
GRIF,Griffin Land & Nurseries Inc.
GRPN,"Groupon, Inc."
GSBC,Great Southern Bancorp Inc.
GSIG,GSI Group Inc.
GSIT,GSI Technology Inc.
GSM,"Globe Specialty Metals, Inc."
GTAT,GT Advanced Technologies Inc.
GTI,GrafTech International Ltd.
GTIV,Gentiva Health Services Inc.
GTLS,Chart Industries Inc.
GTN,Gray Television Inc.
GTS,Triple-S Management Corporation
GTXI,GTX Inc.
GUID,"Guidance Software, Inc."
GVA,Granite Construction Incorporated
GWR,Genesee & Wyoming Inc.
GWRE,"Guidewire Software, Inc."
GXP,Great Plains Energy Incorporated
GY,GenCorp Inc.
H,Hyatt Hotels Corporation
HA,Hawaiian Holdings Inc.
HAE,Haemonetics Corporation
HAFC,Hanmi Financial Corporation
HAIN,"The Hain Celestial Group, Inc."
HALL,Hallmark Financial Services Inc.
HALO,"Halozyme Therapeutics, Inc."
HASI,"Hannon Armstrong Sustainable Infrastructure Capital, Inc."
HAWK,"Blackhawk Network Holdings, Inc."
HAYN,"Haynes International, Inc."
HBCP,"Home Bancorp, Inc."
HBHC,Hancock Holding Company
HBI,Hanesbrands Inc.
HBIO,Harvard Bioscience Inc.
HBNC,Horizon Bancorp
HCA,"HCA Holdings, Inc."
HCC,HCC Insurance Holdings Inc.
HCCI,"Heritage-Crystal Clean, Inc"
HCI,"HCI Group, Inc."
HCKT,"The Hackett Group, Inc."
HCOM,"Hawaiian Telcom Holdco, Inc."
HCSG,Healthcare Services Group Inc.
HDNG,Hardinge Inc.
HE,Hawaiian Electric Industries Inc.
HEES,
HEI,HEICO Corporation
HEOP,Heritage Oaks Bancorp
HES,Hess Corporation
HF,"HFF, Inc."
HFC,HollyFrontier Corporation
HFWA,Heritage Financial Corp.
HGG,"hhgregg, Inc."
HGR,"Hanger, Inc."
HHC,The Howard Hughes Corporation
HHS,Harte-Hanks Inc.
HI,"Hillenbrand, Inc."
HIBB,"Hibbett Sports, Inc."
HIG,"The Hartford Financial Services Group, Inc."
HII,"Huntington Ingalls Industries, Inc."
HIIQ,"Health Insurance Innovations, Inc."
HITK,"Hi-Tech Pharmacal Co., Inc."
HITT,Hittite Microwave Corporation
HK,Halc
HL,Hecla Mining Co.
HLF,Herbalife Ltd.
HLIT,Harmonic Inc.
HLS,HEALTHSOUTH Corp.
HLSS,"Home Loan Servicing Solutions, Ltd."
HMN,Horace Mann Educators Corp.
HMPR,Hampton Roads Bankshares Inc.
HMST,"HomeStreet, Inc."
HMSY,HMS Holdings Corp.
HMTV,"Hemisphere Media Group, Inc."
HNH,Handy & Harman Ltd.
HNI,HNI Corp.
HNRG,Hallador Energy Company
HNT,"Health Net, Inc."
HOFT,Hooker Furniture Corp.
HOG,"Harley-Davidson, Inc."
HOLX,Hologic Inc.
HOMB,"Home Bancshares, Inc."
HOME,Home Federal Bancorp Inc.
HON,Honeywell International Inc.
HOS,"Hornbeck Offshore Services, Inc."
HOT,Starwood Hotels & Resorts Worldwide Inc.
HOV,Hovnanian Enterprises Inc.
HPQ,Hewlett-Packard Company
HPTX,"Hyperion Therapeutics, Inc."
HPY,"Heartland Payment Systems, Inc."
HRB,
HRC,"Hill-Rom Holdings, Inc."
HRG,Harbinger Group Inc.
HRL,Hormel Foods Corporation
HRS,Harris Corporation
HSC,Harsco Corporation
HSH,The Hillshire Brands Company
HSIC,"Henry Schein, Inc."
HSII,Heidrick & Struggles International Inc.
HSNI,"HSN, Inc."
HSP,Hospira Inc.
HST,"Host Hotels & Resorts, Inc."
HSTM,Healthstream Inc.
HSY,The Hershey Company
HTBI,"HomeTrust Bancshares, Inc."
HTBK,Heritage Commerce Corp.
HTCH,Hutchinson Technology Inc.
HTCO,Hickory Tech Corp.
HTH,Hilltop Holdings Inc.
HTLD,"Heartland Express, Inc."
HTLF,"Heartland Financial USA, Inc."
HTWR,Heartware International Inc.
HTZ,"Hertz Global Holdings, Inc."
HUBG,Hub Group Inc.
HUM,Humana Inc.
HUN,Huntsman Corporation
HURC,Hurco Companies Inc.
HURN,Huron Consulting Group Inc.
HVB,Hudson Valley Holding Corp.
HVT,Haverty Furniture Companies Inc.
HW,Headwaters Incorporated
HWAY,Healthways Inc.
HWCC,Houston Wire & Cable Company
HWKN,Hawkins Inc.
HXL,Hexcel Corp.
HY,"Hyster-Yale Materials Handling, Inc."
HZNP,"Horizon Pharma, Inc."
HZO,Marinemax Inc.
IACI,IAC/InterActiveCorp
IART,Integra LifeSciences Holdings Corporation
IBCA,Intervest Bancshares Corp.
IBKC,IberiaBank Corp.
IBKR,"Interactive Brokers Group, Inc."
IBM,International Business Machines Corporation
IBOC,International Bancshares Corporation
IBTX,"Independent Bank Group, Inc."
ICE,"IntercontinentalExchange Group, Inc."
ICFI,ICF International Inc.
ICGE,"ICG Group, Inc."
ICON,"Iconix Brand Group, Inc."
ICPT,"Intercept Pharmaceuticals, Inc."
ICUI,"ICU Medical, Inc."
IDA,"IdaCorp, Inc."
IDCC,"InterDigital, Inc."
IDIX,Idenix Pharmaceuticals Inc.
IDT,IDT Corporation
IDTI,"Integrated Device Technology, Inc."
IDXX,"IDEXX Laboratories, Inc."
IEX,IDEX Corporation
IFF,International Flavors & Fragrances Inc.
IFT,"Imperial Holdings, Inc."
IGTE,iGATE Corporation
IHC,Independence Holding Co.
IIIN,Insteel Industries Inc.
IILG,"Interval Leisure Group, Inc."
IIVI,II-VI Incorporated
IL,"IntraLinks Holdings, Inc."
ILMN,Illumina Inc.
IM,Ingram Micro Inc.
IMGN,"ImmunoGen, Inc."
IMI,"Intermolecular, Inc."
IMKTA,"Ingles Markets, Incorporated"
IMMR,Immersion Corporation
IMMU,Immunomedics Inc.
IMN,Imation Corp.
INAP,Internap Network Services Corp.
INCY,Incyte Corporation
INDB,Independent Bank Corp.
INFA,Informatica Corporation
INFI,"Infinity Pharmaceuticals, Inc."
INFN,Infinera Corporation
INGR,Ingredion Incorporated
ININ,Interactive Intelligence Group Inc.
INSM,Insmed Incorporated
INSY,"INSYS Therapeutics, Inc."
INT,World Fuel Services Corp.
INTC,Intel Corporation
INTL,INTL FCStone Inc.
INTU,Intuit Inc.
INTX,Intersections Inc.
INVN,"InvenSense, Inc."
INWK,InnerWorkings Inc.
IO,ION Geophysical Corporation
IOSP,Innospec Inc.
IP,International Paper Company
IPG,"The Interpublic Group of Companies, Inc."
IPGP,IPG Photonics Corporation
IPHI,Inphi Corporation
IPI,"Intrepid Potash, Inc."
IPXL,Impax Laboratories Inc.
IR,Ingersoll-Rand Plc
IRBT,iRobot Corporation
IRDM,Iridium Communications Inc.
IRF,International Rectifier Corporation
IRG,"Ignite Restaurant Group, Inc."
IRM,Iron Mountain Inc.
ISBC,Investors Bancorp Inc.
ISCA,International Speedway Corp.
ISH,International Shipholding Corp.
ISIL,Intersil Corporation
ISRG,"Intuitive Surgical, Inc."
ISSC,Innovative Solutions & Support Inc.
ISSI,Integrated Silicon Solution Inc.
IT,Gartner Inc.
ITG,Investment Technology Group Inc.
ITIC,Investors Title Co.
ITMN,"InterMune, Inc."
ITW,Illinois Tool Works Inc.
IVC,Invacare Corporation
IVZ,Invesco Ltd.
JAKK,"JAKKS Pacific, Inc."
JBHT,JB Hunt Transport Services Inc.
JBL,Jabil Circuit Inc.
JBSS,John B Sanfilippo & Son Inc.
JCI,Johnson Controls Inc.
JCP,"J. C. Penney Company, Inc."
JEC,Jacobs Engineering Group Inc.
JKHY,Jack Henry & Associates Inc.
JNJ,Johnson & Johnson
JNPR,"Juniper Networks, Inc."
JOE,The St. Joe Company
KFY,Korn/Ferry International
KKD,"Krispy Kreme Doughnuts, Inc."
KOP,Koppers Holdings Inc.
KOS,Kosmos Energy Ltd.
KRA,Kraton Performance Polymers Inc.
KRO,"Kronos Worldwide, Inc."
KTOS,"Kratos Defense & Security Solutions, Inc."
KVHI,KVH Industries Inc.
KWK,Quicksilver Resources Inc.
KWR,Quaker Chemical Corporation
KYTH,"Kythera Biopharmaceuticals, Inc."
LABL,Multi-Color Corp.
LAD,Lithia Motors Inc.
LAMR,Lamar Advertising Co.
LANC,Lancaster Colony Corporation
LAYN,Layne Christensen Company
LBAI,Lakeland Bancorp Inc.
LBY,Libbey Inc.
LCI,"Lannett Company, Inc."
LCNB,LCNB Corp.
LCUT,"Lifetime Brands, Inc."
LDL,Lydall Inc.
LDR,Landauer Inc.
LEA,Lear Corp.
LECO,Lincoln Electric Holdings Inc.
LEG,"Leggett & Platt, Incorporated"
LEN,Lennar Corp.
LF,LeapFrog Enterprises Inc.
LFUS,Littelfuse Inc.
LFVN,Lifevantage Corporation
LG,"The Laclede Group, Inc."
LGF,Lions Gate Entertainment Corp.
LGND,Ligand Pharmaceuticals Incorporated
LH,Laboratory Corp. of America Holdings
LHCG,"LHC Group, Inc."
LIFE,Life Technologies Corporation
LII,"Lennox International, Inc."
LINC,Lincoln Educational Services Corporation
LINTA,Liberty Interactive Corporation
LION,Fidelity Southern Corporation
LIOX,Lionbridge Technologies Inc.
LKFN,Lakeland Financial Corp.
LKQ,LKQ Corp.
LL,"Lumber Liquidators Holdings, Inc."
LLEN,"L & L Energy, Inc."
LLL,L-3 Communications Holdings Inc.
LLNW,"Limelight Networks, Inc."
LLTC,Linear Technology Corporation
LLY,Eli Lilly and Company
LMCA,Liberty Media Corporation
LMIA,LMI Aerospace Inc.
LMNR,Limoneira Company
LMNX,Luminex Corporation
LMOS,Lumos Networks Corp.
LMT,Lockheed Martin Corporation
LNC,Lincoln National Corporation
LNCE,"Snyder's-Lance, Inc."
LNDC,Landec Corp.
LNKD,LinkedIn Corporation
LNN,Lindsay Corporation
LNT,Alliant Energy Corporation
LO,"Lorillard, Inc."
LOCK,"LifeLock, Inc."
LOGM,"LogMeIn, Inc."
LOPE,"Grand Canyon Education, Inc."
LORL,"Loral Space & Communications, Inc."
LOV,"Spark Networks, Inc."
LOW,Lowe's Companies Inc.
LPI,"Laredo Petroleum, Inc."
LPLA,LPL Financial Holdings Inc.
LPNT,Lifepoint Hospitals Inc.
LPSN,LivePerson Inc.
LPX,Louisiana-Pacific Corp.
LQDT,"Liquidity Services, Inc."
LRCX,Lam Research Corporation
LSCC,Lattice Semiconductor Corporation
LSI,LSI Corporation
LSTR,Landstar System Inc.
LTM,Life Time Fitness Inc.
LTS,Ladenburg Thalmann Financial Services Inc.
LTXC,LTX-Credence Corporation
LUB,"Luby's, Inc."
LUV,Southwest Airlines Co.
LVS,Las Vegas Sands Corp.
LWAY,Lifeway Foods Inc.
LXK,Lexmark International Inc.
LXRX,"Lexicon Pharmaceuticals, Inc."
LYB,LyondellBasell Industries NV
LYTS,LSI Industries Inc.
LYV,"Live Nation Entertainment, Inc."
LZB,La-Z-Boy Incorporated
M,"Macy's, Inc."
MA,MasterCard Incorporated
MAC,The Macerich Company
MACK,"Merrimack Pharmaceuticals, Inc."
MAN,ManpowerGroup Inc.
MANH,"Manhattan Associates, Inc."
MAR,"Marriott International, Inc."
MAS,Masco Corporation
MASI,Masimo Corporation
MAT,"Mattel, Inc."
MATW,Matthews International Corporation
MBFI,MB Financial Inc.
MBRG,Middleburg Financial Corporation
MBWM,Mercantile Bank Corp.
MCBC,Macatawa Bank Corp.
MCD,McDonald's Corp.
MCF,Contango Oil & Gas Company
MCHP,Microchip Technology Inc.
MCHX,"Marchex, Inc."
MCK,McKesson Corporation
MCO,Moody's Corporation
MCP,"Molycorp, Inc."
MCRI,Monarch Casino & Resort Inc.
MCRS,"MICROS Systems, Inc."
MCS,The Marcus Corporation
MCY,Mercury General Corporation
MD,"MEDNAX, Inc."
MDC,MDC Holdings Inc.
MDCI,Medical Action Industries Inc.
MDCO,The Medicines Company
MDLZ,"Mondelez International, Inc."
MDP,Meredith Corporation
MDSO,"Medidata Solutions, Inc."
MDT,"Medtronic, Inc."
MDU,MDU Resources Group Inc.
MDVN,"Medivation, Inc."
MDW,Midway Gold Corp.
MDXG,"MiMedx Group, Inc."
MEAS,Measurement Specialties Inc.
MED,Medifast Inc.
MEI,"Methode Electronics, Inc."
MEIP,"MEI Pharma, Inc."
MENT,Mentor Graphics Corp.
MET,"MetLife, Inc."
METR,"Metro Bancorp, Inc."
MFLX,"Multi-Fineline Electronix, Inc."
MFRM,Mattress Firm Holding Corp.
MG,"Mistras Group, Inc."
MGAM,"Multimedia Games Holding Company, Inc."
MGLN,Magellan Health Services Inc.
MGM,MGM Resorts International
MHFI,"McGraw Hill Financial, Inc."
MHGC,Morgans Hotel Group Co.
MHK,Mohawk Industries Inc.
MHO,"M/I Homes, Inc."
MIDD,Middleby Corp.
MIG,Meadowbrook Insurance Group Inc.
MILL,"Miller Energy Resources, Inc."
MIND,Mitcham Industries Inc.
MINI,"Mobile Mini, Inc."
MITK,"Mitek Systems, Inc."
MJN,Mead Johnson Nutrition Company
MKC,"McCormick & Company, Incorporated"
MKL,Markel Corp.
MKSI,"MKS Instruments, Inc."
MKTO,"Marketo, Inc."
MKTX,MarketAxess Holdings Inc.
MLAB,Mesa Laboratories Inc.
MLHR,Herman Miller Inc.
MLM,Martin Marietta Materials Inc.
MLNK,"ModusLink Global Solutions, Inc."
MMC,"Marsh & McLennan Companies, Inc."
MMM,3M Company
MMS,"MAXIMUS, Inc."
MMSI,"Merit Medical Systems, Inc."
MN,"Manning & Napier, Inc."
MNKD,MannKind Corp.
MNRO,Monro Muffler Brake Inc.
MNST,Monster Beverage Corporation
MNTA,Momenta Pharmaceuticals Inc.
MNTX,"Manitex International, Inc."
MO,Altria Group Inc.
MOD,Modine Manufacturing Company
MODN,"Model N, Inc."
MOFG,"MidWest One Financial Group, Inc."
MOH,"Molina Healthcare, Inc."
MON,Monsanto Company
MORN,Morningstar Inc.
MOS,The Mosaic Company
MOSY,"MoSys, Inc."
MOV,"Movado Group, Inc."
MOVE,"Move, Inc."
MPC,Marathon Petroleum Corporation
MPO,"Midstates Petroleum Company, Inc."
MPWR,Monolithic Power Systems Inc.
MPX,Marine Products Corp.
MRC,MRC Global Inc.
MRCY,"Mercury Systems, Inc."
MRGE,Merge Healthcare Incorporated
MRH,Montpelier Re Holdings Ltd.
MRIN,Marin Software Incorporated
MRK,Merck & Co. Inc.
MRLN,Marlin Business Services Corp.
MRTN,Marten Transport Ltd.
MRVL,Marvell Technology Group Ltd.
MSCC,Microsemi Corporation
MSCI,MSCI Inc.
MSEX,Middlesex Water Co.
MSFG,Mainsource Financial Group
MSFT,Microsoft Corporation
MSG,The Madison Square Garden Company
MSL,Midsouth Bancorp Inc.
MSM,MSC Industrial Direct Co. Inc.
MSO,Martha Stewart Living Omnimedia Inc.
MSTR,MicroStrategy Inc.
MTD,Mettler-Toledo International Inc.
MTDR,Matador Resources Company
MTG,MGIC Investment Corp.
MTH,Meritage Homes Corporation
MTN,Vail Resorts Inc.
MTOR,"Meritor, Inc."
MTRN,Materion Corporation
MTRX,Matrix Service Company
MTSC,MTS Systems Corporation
MTSI,"M/A-Com Technology Solutions Holdings, Inc."
MTW,"The Manitowoc Company, Inc."
MTX,Minerals Technologies Inc.
MTZ,"MasTec, Inc."
MW,"The Men's Wearhouse, Inc."
MWA,"Mueller Water Products, Inc."
MWIV,"MWI Veterinary Supply, Inc."
MWW,"Monster Worldwide, Inc."
MXIM,"Maxim Integrated Products, Inc."
MXL,"MaxLinear, Inc."
MXWL,"Maxwell Technologies, Inc."
MYE,Myers Industries Inc.
MYGN,Myriad Genetics Inc.
MYRG,"MYR Group, Inc."
N,NetSuite Inc.
NANO,Nanometrics Incorporated
NASB,"NASB Financial, Inc."
NATH,Nathan's Famous Inc.
NATI,National Instruments Corporation
NATL,National Interstate Corporation
NATR,Nature's Sunshine Products Inc.
NAV,Navistar International Corporation
NAVB,"Navidea Biopharmaceuticals, Inc"
NAVG,Navigators Group Inc.
NBBC,NewBridge Bancorp
NBCB,First NBC Bank Holding Company
NBIX,Neurocrine Biosciences Inc.
NBTB,"NBT Bancorp, Inc."
NC,Nacco Industries Inc.
NCI,Navigant Consulting Inc.
NCLH,Norwegian Cruise Line Holdings Ltd.
NCMI,"National CineMedia, Inc."
NCR,NCR Corp.
NCS,NCI Building Systems Inc.
NDAQ,"The Nasdaq OMX Group, Inc."
NDSN,Nordson Corporation
NE,Noble Corp.
NEE,"NextEra Energy, Inc."
NEM,Newmont Mining Corporation
NEO,Neogenomics Inc.
NEOG,Neogen Corp.
NEON,"Neonode, Inc."
NES,"Nuverra Environmental Solutions, Inc."
NEU,NewMarket Corporation
NEWP,Newport Corp.
NEWS,"NewStar Financial, Inc."
NFG,National Fuel Gas Company
NFLX,"Netflix, Inc."
NFX,Newfield Exploration Co.
NGS,Natural Gas Services Group Inc.
NGVC,"Natural Grocers by Vitamin Cottage, Inc."
NHC,National Healthcare Corp.
NI,NiSource Inc.
NICK,Nicholas Financial Inc.
NIHD,NII Holdings Inc.
NILE,Blue Nile Inc.
NJR,New Jersey Resources Corp.
NKE,"Nike, Inc."
NKSH,National Bankshares Inc.
NKTR,Nektar Therapeutics
NL,NL Industries Inc.
NLNK,NewLink Genetics Corporation
NLS,Nautilus Inc.
NLSN,Nielsen Holdings N.V.
NMRX,Numerex Corp.
NNBR,NN Inc.
NNI,"Nelnet, Inc."
NOC,Northrop Grumman Corporation
NOR,Noranda Aluminum Holding Corp.
NOV,"National Oilwell Varco, Inc."
NOW,"ServiceNow, Inc."
NP,"Neenah Paper, Inc."
NPBC,National Penn Bancshares Inc.
NPK,National Presto Industries Inc.
NPO,"EnPro Industries, Inc."
NPSP,"NPS Pharmaceuticals, Inc."
NPTN,NeoPhotonics Corporation
NR,Newpark Resources Inc.
NRG,"NRG Energy, Inc."
NRIM,Northrim Bancorp Inc.
NSC,Norfolk Southern Corporation
NSIT,Insight Enterprises Inc.
NSM,Nationstar Mortgage Holdings Inc.
NSP,"Insperity, Inc."
NSPH,"Nanosphere, Inc."
NSR,"NeuStar, Inc."
NTAP,"NetApp, Inc."
NTCT,"NetScout Systems, Inc."
NTGR,Netgear Inc.
NTRS,Northern Trust Corporation
NU,Northeast Utilities
NUE,Nucor Corporation
NUS,Nu Skin Enterprises Inc.
NUTR,Nutraceutical International Corporation
NVDA,NVIDIA Corporation
NVEC,NVE Corp.
NVR,"NVR, Inc."
NWBI,"Northwest Bancshares, Inc."
NWE,Northwestern Corporation
NWLI,National Western Life Insurance Company
NWPX,Northwest Pipe Co.
NWY,New York & Company Inc.
NX,Quanex Building Products Corporation
NXST,"Nexstar Broadcasting Group, Inc."
NYCB,New York Community Bancorp Inc.
OABC,"Omniamerican Bancorp, Inc."
OAS,Oasis Petroleum Inc.
OB,"OneBeacon Insurance Group, Ltd."
OC,Owens Corning
OCFC,OceanFirst Financial Corp.
OCR,Omnicare Inc.
ODC,Oil-Dri Corp. of America
ODFL,Old Dominion Freight Line Inc.
ODP,"Office Depot, Inc."
OFG,OFG Bancorp
OFIX,Orthofix International N.V.
OFLX,"OmegaFlex, Inc."
ORB,Orbital Sciences Corp.
ORBC,"ORBCOMM, Inc."
ORCL,Oracle Corporation
OREX,"Orexigen Therapeutics, Inc."
ORI,Old Republic International Corporation
ORLY,O'Reilly Automotive Inc.
ORN,"Orion Marine Group, Inc"
OSIR,"Osiris Therapeutics, Inc."
OSIS,"OSI Systems, Inc."
OSK,Oshkosh Corporation
OSTK,Overstock.com Inc.
OSUR,"OraSure Technologies, Inc."
OTTR,Otter Tail Corporation
OVAS,"OvaScience, Inc."
OVTI,"OmniVision Technologies, Inc."
OWW,"Orbitz Worldwide, Inc."
OXM,Oxford Industries Inc.
OXY,Occidental Petroleum Corporation
PACB,"Pacific Biosciences of California, Inc."
PACW,PacWest Bancorp
PAG,"Penske Automotive Group, Inc."
PANW,"Palo Alto Networks, Inc."
PATK,Patrick Industries Inc.
PATR,"Patriot Transportation Holding, Inc."
PAY,"VeriFone Systems, Inc."
PAYX,"Paychex, Inc."
PB,Prosperity Bancshares Inc.
PBCT,People's United Financial Inc.
PBF,PBF Energy Inc.
PBH,"Prestige Brands Holdings, Inc."
PBI,Pitney Bowes Inc.
PBY,
PBYI,"Puma Biotechnology, Inc."
PCAR,PACCAR Inc.
PCBK,Pacific Continental Corp.
PCCC,"PC Connection, Inc."
PCG,
PCL,Plum Creek Timber Co. Inc.
PCLN,The Priceline Group Inc.
PCP,Precision Castparts Corp.
PCTI,"PCTEL, Inc."
PCYO,Pure Cycle Corporation
PDCE,"PDC Energy, Inc."
PDCO,"Patterson Companies, Inc."
PDFS,PDF Solutions Inc.
PDLI,"PDL BioPharma, Inc."
PEBO,Peoples Bancorp Inc.
PEG,Public Service Enterprise Group Inc.
PEGA,Pegasystems Inc.
PENN,Penn National Gaming Inc.
PENX,Penford Corporation
PEP,"Pepsico, Inc."
PERY,Perry Ellis International Inc.
PES,Pioneer Energy Services Corp.
PETM,"PetSmart, Inc."
PETS,"PetMed Express, Inc."
PF,Pinnacle Foods Inc.
PFE,Pfizer Inc.
PFG,Principal Financial Group Inc.
PFMT,Performant Financial Corporation
PFPT,"Proofpoint, Inc."
PFS,"Provident Financial Services, Inc."
PFSI,"PennyMac Financial Services, Inc."
PG,The Procter & Gamble Company
PGC,Peapack-Gladstone Financial Corp.
PGEM,"Ply Gem Holdings, Inc"
PGI,"Premiere Global Services, Inc."
PGNX,"Progenics Pharmaceuticals, Inc."
PGTI,"PGT, Inc."
PHH,PHH Corporation
PHIIK,PHI Inc.
PHMD,"PhotoMedex, Inc."
PHX,Panhandle Oil and Gas Inc.
PICO,PICO Holdings Inc.
PII,"Polaris Industries, Inc."
PIKE,Pike Corporation
PIR,"Pier 1 Imports, Inc."
PJC,Piper Jaffray Companies
PKD,Parker Drilling Co.
PKE,Park Electrochemical Corp.
PKG,Packaging Corporation of America
PKOH,Park-Ohio Holdings Corp.
PKT,"Procera Networks, Inc."
PL,Protective Life Corporation
PLAB,Photronics Inc.
PLCE,The Children
PLCM,"Polycom, Inc."
PLMT,Palmetto Bancshares Inc.
PLOW,"Douglas Dynamics, Inc."
PLPC,Preformed Line Products Company
PLT,"Plantronics, Inc."
PLUS,ePlus inc.
PLXS,Plexus Corp.
PLXT,PLX Technology Inc.
PMC,PharMerica Corporation
PMCS,PMC-Sierra Inc.
PMFG,"PMFG, Inc."
PNC,"The PNC Financial Services Group, Inc."
PNFP,Pinnacle Financial Partners Inc.
PNK,Pinnacle Entertainment Inc.
PNM,"PNM Resources, Inc."
PNRA,Panera Bread Company
PNW,Pinnacle West Capital Corporation
PNX,The Phoenix Companies Inc.
PNY,Piedmont Natural Gas Co. Inc.
PODD,Insulet Corporation
POL,PolyOne Corporation
POM,"Pepco Holdings, Inc."
POOL,Pool Corp.
POR,Portland General Electric Company
POST,"Post Holdings, Inc."
POWI,Power Integrations Inc.
POWL,"Powell Industries, Inc."
POWR,"PowerSecure International, Inc."
POZN,POZEN Inc.
PPBI,Pacific Premier Bancorp Inc.
PPC,Pilgrim's Pride Corporation
PPG,PPG Industries Inc.
PPHM,"Peregrine Pharmaceuticals, Inc."
PPL,PPL Corporation
PPO,Polypore International Inc.
PQ,PetroQuest Energy Inc.
PRA,ProAssurance Corporation
PRAA,Portfolio Recovery Associates Inc.
PRE,PartnerRe Ltd.
PRFT,Perficient Inc.
PRGO,Perrigo Company Public Limited Company
PRGS,Progress Software Corporation
PRGX,"PRGX Global, Inc."
PRI,"Primerica, Inc."
PRIM,Primoris Services Corporation
PRK,Park National Corp.
PRKR,Parkervision Inc.
PRLB,"Proto Labs, Inc."
PRO,"PROS Holdings, Inc."
PROV,"Provident Financial Holdings, Inc."
PRSC,Providence Service Corp.
PRTA,Prothena Corporation plc
PRU,"Prudential Financial, Inc."
PRXL,PAREXEL International Corporation
PSA,Public Storage
PSEM,Pericom Semiconductor Corp.
PSIX,"Power Solutions International, Inc."
PSMI,Peregrine Semiconductor Corporation
PSMT,PriceSmart Inc.
PSTB,Park Sterling Corporation
PSUN,Pacific Sunwear of California Inc.
PSX,Phillips 66
PTEN,Patterson-UTI Energy Inc.
PTGI,"PTGi Holding, Inc."
PTLA,"Portola Pharmaceuticals, Inc."
PTP,Platinum Underwriters Holdings Ltd.
PTRY,"The Pantry, Inc."
PTX,"Pernix Therapeutics Holdings, Inc."
PVA,Penn Virginia Corporation
PVH,PVH Corp.
PVTB,"PrivateBancorp, Inc."
PWOD,Penns Woods Bancorp Inc.
PX,Praxair Inc.
PXD,Pioneer Natural Resources Co.
PZG,Paramount Gold and Silver Corp.
Q,Quintiles Transnational Holdings Inc.
QADA,QAD Inc.
QCOM,QUALCOMM Incorporated
QCOR,"Questcor Pharmaceuticals, Inc."
QDEL,Quidel Corp.
QLGC,QLogic Corp.
QLIK,"Qlik Technologies, Inc."
QLTY,Quality Distribution Inc.
QLYS,"Qualys, Inc."
QNST,"QuinStreet, Inc."
QSII,Quality Systems Inc.
QTM,Quantum Corporation
QUAD,"Quad/Graphics, Inc."
R,"Ryder System, Inc."
RAD,Rite Aid Corporation
RAI,Reynolds American Inc.
RALY,Rally Software Development Corp.
RATE,"Bankrate, Inc."
RAVN,Raven Industries Inc.
RAX,"Rackspace Hosting, Inc."
RBCAA,Republic Bancorp Inc.
RBCN,"Rubicon Technology, Inc."
RCII,"Rent-A-Center, Inc."
RCKB,Rockville Financial Inc.
RCL,Royal Caribbean Cruises Ltd.
RCPT,"Receptos, Inc."
RDC,Rowan Companies plc
RDEN,"Elizabeth Arden, Inc."
RDI,"Reading International, Inc."
RE,Everest Re Group Ltd.
RECN,Resources Connection Inc.
REGN,"Regeneron Pharmaceuticals, Inc."
REIS,"Reis, Inc."
RELL,Richardson Electronics Ltd.
REMY,"Remy International, Inc."
REN,Resolute Energy Corporation
RENT,Rentrak Corporation
RES,RPC Inc.
RESI,Altisource Residential Corporation
REX,REX American Resources Corporation
REXI,"Resource America, Inc."
REXX,Rex Energy Corporation
RF,Regions Financial Corporation
RFMD,RF Micro Devices Inc.
RFP,Resolute Forest Products Inc.
RGA,Reinsurance Group of America Inc.
RGC,Regal Entertainment Group
RGEN,Repligen Corporation
RGLD,"Royal Gold, Inc."
RGLS,Regulus Therapeutics Inc.
RGR,"Sturm, Ruger & Co. Inc."
RGS,Regis Corp.
RH,"Restoration Hardware Holdings, Inc."
RHI,Robert Half International Inc.
RHT,"Red Hat, Inc."
RIGL,"Rigel Pharmaceuticals, Inc."
RJET,Republic Airways Holdings Inc.
RJF,"Raymond James Financial, Inc."
RKT,Rock-Tenn Company
RKUS,"Ruckus Wireless, Inc."
RL,Ralph Lauren Corporation
RLD,RealD Inc.
RLGY,Realogy Holdings Corp.
RLI,RLI Corp.
RM,Regional Management Corp.
RMBS,Rambus Inc.
RMD,ResMed Inc.
RNDY,"Roundy's, Inc."
RNR,RenaissanceRe Holdings Ltd.
RNST,Renasant Corp.
RNWK,RealNetworks Inc.
ROC,"Rockwood Holdings, Inc."
ROG,Rogers Corporation
ROK,Rockwell Automation Inc.
ROL,Rollins Inc.
ROLL,RBC Bearings Inc.
ROP,Roper Industries Inc.
ROSE,"Rosetta Resources, Inc."
ROST,Ross Stores Inc.
ROVI,Rovi Corporation
RP,"RealPage, Inc."
RPM,RPM International Inc.
RPRX,Repros Therapeutics Inc.
RPTP,Raptor Pharmaceuticals Corp.
RPXC,RPX Corporation
RRC,Range Resources Corporation
RRD,R.R. Donnelley & Sons Company
RRGB,Red Robin Gourmet Burgers Inc.
RRTS,"Roadrunner Transportation Systems, Inc."
RSG,"Republic Services, Inc."
RSH,RadioShack Corp.
RSTI,Rofin-Sinar Technologies Inc.
RSYS,RadiSys Corporation
RTI,"RTI International Metals, Inc."
RTIX,RTI Surgical Inc.
RTK,"Rentech, Inc."
RTN,Raytheon Co.
RUSHA,"Rush Enterprises, Inc."
RVBD,"Riverbed Technology, Inc."
RVLT,"Revolution Lighting Technologies, Inc."
RXN,Rexnord Corporation
RYL,Ryland Group Inc.
SAAS,"inContact, Inc."
SAFM,"Sanderson Farms, Inc."
SAH,Sonic Automotive Inc.
SALM,Salem Communications Corp.
SAM,Boston Beer Co. Inc.
SANM,Sanmina Corporation
SAPE,Sapient Corp.
SASR,Sandy Spring Bancorp Inc.
SATS,EchoStar Corp.
SAVE,"Spirit Airlines, Inc."
SBAC,SBA Communications Corp.
SBCF,Seacoast Banking Corp. of Florida
SBGI,Sinclair Broadcast Group Inc.
SBH,Sally Beauty Holdings Inc.
SBSI,Southside Bancshares Inc.
SBUX,Starbucks Corporation
SCCO,Southern Copper Corp.
SCG,SCANA Corp.
SCHL,Scholastic Corporation
SCHN,"Schnitzer Steel Industries, Inc."
SCHW,The Charles Schwab Corporation
SCI,Service Corporation International
SCL,Stepan Company
SCLN,"SciClone Pharmaceuticals, Inc."
SCOR,"comScore, Inc."
SCS,Steelcase Inc.
SCSC,"ScanSource, Inc."
SCSS,Select Comfort Corporation
SCTY,SolarCity Corporation
SCVL,Shoe Carnival Inc.
SD,"SandRidge Energy, Inc."
SE,Spectra Energy Corp.
SEAC,SeaChange International Inc.
SEAS,"SeaWorld Entertainment, Inc."
SEB,Seaboard Corp.
SEE,Sealed Air Corporation
SEIC,SEI Investments Co.
SEM,Select Medical Holdings Corporation
SEMG,SemGroup Corporation
SENEA,Seneca Foods Corp.
SF,Stifel Financial Corp.
SFE,"Safeguard Scientifics, Inc."
SFG,StanCorp Financial Group Inc.
SFLY,"Shutterfly, Inc."
SFNC,Simmons First National Corporation
SGA,Saga Communications Inc.
SGEN,Seattle Genetics Inc.
SGI,Silicon Graphics International Corp.
SGMO,Sangamo Biosciences Inc.
SGMS,Scientific Games Corporation
SGNT,"Sagent Pharmaceuticals, Inc."
SGY,Stone Energy Corp.
SGYP,"Synergy Pharmaceuticals, Inc."
SHEN,Shenandoah Telecommunications Co.
SHLD,Sears Holdings Corporation
SHLM,"A. Schulman, Inc."
SHLO,Shiloh Industries Inc.
SHOO,"Steven Madden, Ltd."
SHOR,"ShoreTel, Inc."
SHOS,"Sears Hometown and Outlet Stores, Inc."
SIG,Signet Jewelers Limited
SIGA,"SIGA Technologies, Inc."
SIGM,"Sigma Designs, Inc."
SIMG,"Silicon Image, Inc."
SIRO,Sirona Dental Systems Inc.
SIVB,SVB Financial Group
SIX,Six Flags Entertainment Corporation
SJI,"South Jersey Industries, Inc."
SJW,SJW Corp.
SKH,"Skilled Healthcare Group, Inc."
SKUL,"Skullcandy, Inc."
SKX,Skechers USA Inc.
SKYW,SkyWest Inc.
SLAB,Silicon Laboratories Inc.
SLB,Schlumberger Limited
SLCA,"U.S. Silica Holdings, Inc."
SLGN,Silgan Holdings Inc.
SLH,Solera Holdings Inc.
SLM,SLM Corporation
SLXP,Salix Pharmaceuticals Ltd.
SM,SM Energy Company
SMA,"Symmetry Medical, Inc."
SMCI,"Super Micro Computer, Inc."
SMG,The Scotts Miracle-Gro Company
SMP,Standard Motor Products Inc.
SMRT,Stein Mart Inc.
SMTC,Semtech Corporation
SN,Sanchez Energy Corporation
SNA,Snap-on Inc.
SNAK,"Inventure Foods, Inc."
SNBC,Sun Bancorp Inc.
SNCR,"Synchronoss Technologies, Inc."
SNDK,SanDisk Corp.
SNHY,Sun Hydraulics Corp.
SNI,"Scripps Networks Interactive, Inc."
SNPS,Synopsys Inc.
SNSS,"Sunesis Pharmaceuticals, Inc."
SNTA,Synta Pharmaceuticals Corp.
SNV,Synovus Financial Corporation
SNX,SYNNEX Corp.
SO,Southern Company
SON,Sonoco Products Co.
SONC,Sonic Corp.
SONS,"Sonus Networks, Inc."
SPA,Sparton Corp.
SPAR,Spartan Motors Inc.
SPB,"Spectrum Brands Holdings, Inc."
SPF,Standard Pacific Corp.
SPG,Simon Property Group Inc.
SPLK,"Splunk, Inc."
SPLS,"Staples, Inc."
SPN,"Superior Energy Services, Inc."
SPNC,The Spectranetics Corporation
SPPI,"Spectrum Pharmaceuticals, Inc."
SPR,"Spirit AeroSystems Holdings, Inc."
SPRT,"Support.com, Inc."
SPSC,"SPS Commerce, Inc."
SPTN,Spartan Stores Inc.
SPW,SPX Corporation
SPWR,SunPower Corporation
SQI,"SciQuest, Inc."
SQNM,Sequenom Inc.
SRCE,1st Source Corporation
SRCL,"Stericycle, Inc."
SRDX,"SurModics, Inc."
SRE,Sempra Energy
SREV,"ServiceSource International, Inc."
SRI,Stoneridge Inc.
SRPT,"Sarepta Therapeutics, Inc."
SSD,"Simpson Manufacturing Co., Inc."
SSI,Stage Stores Inc.
SSNC,
SSNI,"Silver Spring Networks, Inc."
SSP,The E. W. Scripps Company
SSTK,"Shutterstock, Inc."
STAA,STAAR Surgical Company
STBA,
STBZ,State Bank Financial Corporation
STC,Stewart Information Services Corporation
STE,Steris Corp.
STFC,State Auto Financial Corp.
STI,"SunTrust Banks, Inc."
STJ,St. Jude Medical Inc.
STL,Sterling Bancorp.
STLD,Steel Dynamics Inc.
STML,"Stemline Therapeutics, Inc."
STMP,Stamps.com Inc.
STNR,Steiner Leisure Ltd.
STR,Questar Corporation
STRA,Strayer Education Inc.
STRL,Sterling Construction Co. Inc.
STRZA,Starz
STSA,Sterling Financial Corporation
STSI,"Star Scientific, Inc."
STX,Seagate Technology Public Limited Company
STZ,Constellation Brands Inc.
SUBK,Suffolk Bancorp
SUNE,"SunEdison, Inc."
SUP,"Superior Industries International, Inc."
SUPN,"Supernus Pharmaceuticals, Inc."
SUPX,Supertex Inc.
SUSQ,"Susquehanna Bancshares, Inc."
SVU,SUPERVALU Inc.
SWC,Stillwater Mining Co.
SWFT,Swift Transportation Company
SWHC,Smith & Wesson Holding Corporation
SWI,"SolarWinds, Inc."
SWK,"Stanley Black & Decker, Inc."
SWKS,Skyworks Solutions Inc.
SWM,Schweitzer-Mauduit International Inc.
SWN,Southwestern Energy Co.
SWS,"SWS Group, Inc."
SWX,Southwest Gas Corporation
SWY,Safeway Inc.
SXC,SunCoke Energy Inc.
SXI,Standex International Corporation
SXT,Sensient Technologies Corporation
SYA,Symetra Financial Corporation
SYBT,"Stock Yards Bancorp, Inc."
SYK,Stryker Corporation
SYKE,"Sykes Enterprises, Incorporated"
SYMC,Symantec Corporation
SYNA,Synaptics Inc.
SYRG,Synergy Resources Corporation
SYUT,Synutra International Inc.
SYY,Sysco Corporation
SZYM,"Solazyme, Inc."
T,
TAL,"TAL International Group, Inc."
TAM,Taminco Corporation
TAP,Molson Coors Brewing Company
TASR,TASER International Inc.
TAST,"Carrols Restaurant Group, Inc."
TAYC,Taylor Capital Group Inc.
TBI,"TrueBlue, Inc."
TBNK,Territorial Bancorp Inc.
TCB,TCF Financial Corporation
TCBI,Texas Capital BancShares Inc.
TCBK,TriCo Bancshares
TDC,Teradata Corporation
TDG,TransDigm Group Incorporated
TDW,Tidewater Inc.
TDY,Teledyne Technologies Inc.
TE,"TECO Energy, Inc."
TEAR,TearLab Corporation
TECD,Tech Data Corp.
TECH,Techne Corp.
TECUA,Tecumseh Products Company
TEG,"Integrys Energy Group, Inc."
TEL,TE Connectivity Ltd.
TEN,Tenneco Inc.
TER,Teradyne Inc.
TESO,Tesco Corporation
TESS,TESSCO Technologies Inc.
TEX,Terex Corp.
TFM,"The Fresh Market, Inc."
TFSL,TFS Financial Corp
TFX,Teleflex Incorporated
TG,Tredegar Corp.
TGE,TGC Industries Inc.
TGI,"Triumph Group, Inc."
TGT,Target Corp.
THC,Tenet Healthcare Corp.
THFF,First Financial Corp.
THG,The Hanover Insurance Group Inc.
THLD,Threshold Pharmaceuticals Inc.
THO,Thor Industries Inc.
THOR,Thoratec Corp.
THR,"Thermon Group Holdings, Inc."
THRM,Gentherm Incorporated
THRX,Theravance Inc.
THS,"Treehouse Foods, Inc."
TIBX,TIBCO Software Inc.
TIF,Tiffany & Co.
TIS,Orchids Paper Products Company
TISI,"Team, Inc."
TITN,"Titan Machinery, Inc."
TIVO,TiVo Inc.
TJX,"The TJX Companies, Inc."
TKR,Timken Co.
TLYS,"Tilly's, Inc."
TMH,"Team Health Holdings, Inc."
TMHC,Taylor Morrison Home Corporation
TMO,"Thermo Fisher Scientific, Inc."
TMP,Tompkins Financial Corporation
TNAV,"Telenav, Inc."
TNC,Tennant Company
TNGO,"Tangoe, Inc."
TOL,Toll Brothers Inc.
TOWR,"Tower International, Inc."
TPC,Tutor Perini Corporation
TPH,"TRI Pointe Homes, Inc."
TPLM,Triangle Petroleum Corporation
TPX,Tempur Sealy International Inc.
TQNT,"TriQuint Semiconductor, Inc."
TR,Tootsie Roll Industries Inc.
TRAK,"Dealertrack Technologies, Inc."
TRC,Tejon Ranch Co.
TREE,"Tree.Com, Inc."
TREX,Trex Co. Inc.
TRGT,"Targacept, Inc."
TRIP,TripAdvisor Inc.
TRLA,"Trulia, Inc."
TRMB,Trimble Navigation Limited
TRMK,Trustmark Corporation
TRNX,Tornier N.V.
TROW,"T. Rowe Price Group, Inc."
TRR,TRC Companies Inc.
TRST,TrustCo Bank Corp. NY
TRV,"The Travelers Companies, Inc."
TRW,TRW Automotive Holdings Corp.
TSC,"Tristate Capital Holdings, Inc."
TSCO,Tractor Supply Company
TSLA,"Tesla Motors, Inc."
TSN,"Tyson Foods, Inc."
TSO,Tesoro Corporation
TSRA,Tessera Technologies Inc.
TSRO,"Tesaro, Inc."
TSYS,TeleCommunication Systems Inc.
TTC,Toro Co.
TTEC,TeleTech Holdings Inc.
TTEK,Tetra Tech Inc.
TTGT,"TechTarget, Inc."
TTI,"TETRA Technologies, Inc."
TTMI,TTM Technologies Inc.
TTPH,"Tetraphase Pharmaceuticals, Inc."
TTWO,Take-Two Interactive Software Inc.
TUES,Tuesday Morning Corporation
TUMI,"Tumi Holdings, Inc."
TUP,Tupperware Brands Corporation
TW,Towers Watson & Co.
TWC,Time Warner Cable Inc.
TWER,Towerstream Corporation
TWI,Titan International Inc.
TWIN,"Twin Disc, Incorporated"
TWMC,Trans World Entertainment Corporation
TWTC,TW Telecom Inc.
TWX,Time Warner Inc.
TXI,Texas Industries Inc.
TXN,Texas Instruments Inc.
TXRH,"Texas Roadhouse, Inc."
TXT,Textron Inc.
TYC,Tyco International Ltd.
TYL,"Tyler Technologies, Inc."
TYPE,Monotype Imaging Holdings Inc.
TZOO,Travelzoo Inc.
UA,"Under Armour, Inc."
UACL,Universal Truckload Services Inc.
UAL,"United Continental Holdings, Inc."
UAM,Universal American Corp
UBNK,"United Financial Bancorp, Inc."
UBNT,"Ubiquiti Networks, Inc."
UBSH,Union Bankshares Corporation
UBSI,United Bankshares Inc.
UCFC,United Community Financial Corp.
UCTT,Ultra Clean Holdings Inc.
UEC,Uranium Energy Corp.
UEIC,Universal Electronics Inc.
UFCS,"United Fire Group, Inc"
UFI,Unifi Inc.
UFPI,Universal Forest Products Inc.
UFPT,"UFP Technologies, Inc."
UFS,Domtar Corporation
UGI,UGI Corporation
UHAL,AMERCO
UHS,Universal Health Services Inc.
UIL,UIL Holdings Corporation
UIS,Unisys Corporation
ULTA,"ULTA Salon, Cosmetics & Fragrance, Inc."
ULTI,"The Ultimate Software Group, Inc."
UMPQ,Umpqua Holdings Corporation
UNF,UniFirst Corp.
UNFI,"United Natural Foods, Inc."
UNH,UnitedHealth Group Incorporated
UNIS,Unilife Corporation
UNM,Unum Group
UNP,Union Pacific Corporation
UNS,UNS Energy Corporation
UNTD,"United Online, Inc."
UPIP,"Unwired Planet, Inc."
UPL,Ultra Petroleum Corp.
UPS,"United Parcel Service, Inc."
URBN,Urban Outfitters Inc.
URG,UR-Energy Inc.
URI,"United Rentals, Inc."
URS,URS Corporation
USAP,Universal Stainless & Alloy Products Inc.
USB,U.S. Bancorp
USG,USG Corporation
USLM,"United States Lime & Minerals, Inc."
USMD,"USMD Holdings, Inc."
USMO,"USA Mobility, Inc."
USNA,USANA Health Sciences Inc.
USTR,United Stationers Inc.
UTEK,"Ultratech, Inc."
UTHR,United Therapeutics Corporation
UTI,"Universal Technical Institute, Inc."
UTIW,UTi Worldwide Inc.
UTL,Unitil Corp.
UTX,United Technologies Corp.
UVSP,Univest Corporation of Pennsylvania
UVV,Universal Corporation
V,Visa Inc.
VAC,Marriott Vacations Worldwide Corp.
VAL,The Valspar Corporation
VAR,"Varian Medical Systems, Inc."
VASC,Vascular Solutions Inc.
VC,Visteon Corporation
VCRA,"Vocera Communications, Inc."
VDSI,VASCO Data Security International Inc.
VECO,Veeco Instruments Inc.
VG,Vonage Holdings Corporation
VHC,VirnetX Holding Corp
VIAB,"Viacom, Inc."
VIAS,"Viasystems Group, Inc."
VICL,Vical Incorporated
VICR,Vicor Corp.
VITC,"Vitacost.com, Inc."
VIVO,"Meridian Bioscience, Inc."
VLGEA,Village Super Market Inc.
VLO,Valero Energy Corporation
VLY,Valley National Bancorp
VMC,Vulcan Materials Company
VMI,"Valmont Industries, Inc."
VNDA,"Vanda Pharmaceuticals, Inc."
VNO,Vornado Realty Trust
VNTV,"Vantiv, Inc."
VOCS,Vocus Inc.
VOLC,Volcano Corporation
VOXX,VOXX International Corporation
VOYA,"Voya Financial, Inc."
VPG,"Vishay Precision Group, Inc."
VPRT,Vistaprint N.V.
VRA,"Vera Bradley, Inc."
VRNT,Verint Systems Inc.
VRSK,"Verisk Analytics, Inc."
VRSN,"VeriSign, Inc."
VRTS,"Virtus Investment Partners, Inc."
VRTU,Virtusa Corp.
VRTX,Vertex Pharmaceuticals Incorporated
VSAT,ViaSat Inc.
VSEC,VSE Corp.
VSH,Vishay Intertechnology Inc.
VSTM,"Verastem, Inc."
VTR,"Ventas, Inc."
VVC,Vectren Corporation
VVTV,ValueVision Media Inc.
VVUS,VIVUS Inc.
VZ,Verizon Communications Inc.
WAB,Westinghouse Air Brake Technologies Corporation
WABC,Westamerica Bancorp.
WAFD,Washington Federal Inc.
WAG,Walgreen Co.
WAGE,"WageWorks, Inc."
WAIR,"Wesco Aircraft Holdings, Inc."
WAL,Western Alliance Bancorporation
WAT,Waters Corporation
WBCO,Washington Banking Co.
WBMD,WebMD Health Corp.
WBS,Webster Financial Corp.
WCC,WESCO International Inc.
WCG,"WellCare Health Plans, Inc."
WCN,Waste Connections Inc.
WD,"Walker & Dunlop, Inc."
WDAY,"Workday, Inc."
WDC,Western Digital Corporation
WDFC,WD-40 Company
WDR,"Waddell & Reed Financial, Inc."
WEC,Wisconsin Energy Corp.
WEN,The Wendy's Company
WETF,"WisdomTree Investments, Inc."
WEYS,Weyco Group Inc.
WFC,Wells Fargo & Company
WFD,Westfield Financial Inc.
WFM,"Whole Foods Market, Inc."
WG,Willbros Group Inc.
WGL,WGL Holdings Inc.
WGO,"Winnebago Industries, Inc."
WHG,Westwood Holdings Group Inc.
WHR,Whirlpool Corp.
WIBC,Wilshire Bancorp Inc.
WIFI,"Boingo Wireless, Inc."
WINA,Winmark Corp.
WIRE,Encore Wire Corp.
WLB,Westmoreland Coal Co.
WLH,William Lyon Homes
WLK,Westlake Chemical Corp.
WLL,Whiting Petroleum Corp.
WLP,WellPoint Inc.
WLT,"Walter Energy, Inc."
WM,"Waste Management, Inc."
WMAR,West Marine Inc.
WMB,"Williams Companies, Inc."
WMGI,Wright Medical Group Inc.
WMK,"Weis Markets, Inc."
WMT,Wal-Mart Stores Inc.
WOR,"Worthington Industries, Inc."
WPX,"WPX Energy, Inc."
WRES,Warren Resources Inc.
WRLD,World Acceptance Corp.
WSBC,WesBanco Inc.
WSBF,"Waterstone Financial, Inc."
WSFS,WSFS Financial Corp.
WSM,Williams-Sonoma Inc.
WSO,Watsco Inc.
WST,"West Pharmaceutical Services, Inc."
WSTC,West Corporation
WSTL,"Westell Technologies, Inc."
WTBA,"West Bancorp., Inc."
WTFC,Wintrust Financial Corporation
WTI,
WTM,"White Mountains Insurance Group, Ltd."
WTR,Aqua America Inc.
WTS,"Watts Water Technologies, Inc."
WTSL,"The Wet Seal, Inc."
WU,The Western Union Company
WWAV,The WhiteWave Foods Company
WWD,"Woodward, Inc."
WWE,World Wrestling Entertainment Inc.
WWW,Wolverine World Wide Inc.
WWWW,"Web.com Group, Inc."
WY,Weyerhaeuser Co.
WYN,Wyndham Worldwide Corporation
WYNN,Wynn Resorts Ltd.
X,United States Steel Corp.
XEC,Cimarex Energy Co.
XEL,Xcel Energy Inc.
XL,XL Group plc
XLNX,Xilinx Inc.
XNPT,"Xenoport, Inc."
XOM,Exxon Mobil Corporation
XOMA,XOMA Corporation
XONE,The ExOne Company
XOOM,Xoom Corporation
XOXO,XO Group Inc.
XPO,"XPO Logistics, Inc."
XRAY,DENTSPLY International Inc.
XRM,Xerium Technologies Inc.
XRX,Xerox Corporation
XYL,Xylem Inc.
Y,Alleghany Corporation
YDKN,Yadkin Financial Corporation
YELP,"Yelp, Inc."
YHOO,Yahoo! Inc.
YUM,"Yum! Brands, Inc."
Z,"Zillow, Inc."
ZAGG,ZAGG Inc
ZAZA,ZaZa Energy Corporation
ZBRA,Zebra Technologies Corp.
ZEP,"Zep, Inc."
ZEUS,Olympic Steel Inc.
ZIGO,Zygo Corporation
ZINC,Horsehead Holding Corp.
ZION,Zions Bancorporation
ZIOP,"ZIOPHARM Oncology, Inc."
ZIXI,Zix Corporation
ZLC,Zale Corporation
ZLTQ,"ZELTIQ Aesthetics, Inc."
ZMH,"Zimmer Holdings, Inc."
ZNGA,"Zynga, Inc."
ZQK,Quiksilver Inc.
ZUMZ,"Zumiez, Inc."